<?xml version="1.0" encoding="UTF-8"?>
<GenRun Id="impl_1" LaunchPart="xc7a35tcpg236-1" LaunchTime="1541554065">
  <File Type="ROUTE-PWR" Name="top_design_power_routed.rpt"/>
  <File Type="PA-TCL" Name="top_design.tcl"/>
  <File Type="BITSTR-BMM" Name="top_design_bd.bmm"/>
  <File Type="ROUTE-PWR-SUM" Name="top_design_power_summary_routed.pb"/>
  <File Type="REPORTS-TCL" Name="top_design_reports.tcl"/>
  <File Type="OPT-DCP" Name="top_design_opt.dcp"/>
  <File Type="OPT-DRC" Name="top_design_drc_opted.rpt"/>
  <File Type="OPT-HWDEF" Name="top_design.hwdef"/>
  <File Type="PWROPT-DCP" Name="top_design_pwropt.dcp"/>
  <File Type="PLACE-DCP" Name="top_design_placed.dcp"/>
  <File Type="PLACE-IO" Name="top_design_io_placed.rpt"/>
  <File Type="PLACE-UTIL" Name="top_design_utilization_placed.rpt"/>
  <File Type="PLACE-UTIL-PB" Name="top_design_utilization_placed.pb"/>
  <File Type="PLACE-CTRL" Name="top_design_control_sets_placed.rpt"/>
  <File Type="PLACE-PRE-SIMILARITY" Name="top_design_incremental_reuse_pre_placed.rpt"/>
  <File Type="BG-BGN" Name="top_design.bgn"/>
  <File Type="POSTPLACE-PWROPT-DCP" Name="top_design_postplace_pwropt.dcp"/>
  <File Type="BG-BIN" Name="top_design.bin"/>
  <File Type="PHYSOPT-DCP" Name="top_design_physopt.dcp"/>
  <File Type="BITSTR-MSK" Name="top_design.msk"/>
  <File Type="ROUTE-ERROR-DCP" Name="top_design_routed_error.dcp"/>
  <File Type="ROUTE-DCP" Name="top_design_routed.dcp"/>
  <File Type="ROUTE-BLACKBOX-DCP" Name="top_design_routed_bb.dcp"/>
  <File Type="ROUTE-DRC" Name="top_design_drc_routed.rpt"/>
  <File Type="ROUTE-DRC-PB" Name="top_design_drc_routed.pb"/>
  <File Type="ROUTE-DRC-RPX" Name="top_design_drc_routed.rpx"/>
  <File Type="BITSTR-LTX" Name="top_design.ltx"/>
  <File Type="ROUTE-METHODOLOGY-DRC" Name="top_design_methodology_drc_routed.rpt"/>
  <File Type="BITSTR-MMI" Name="top_design.mmi"/>
  <File Type="ROUTE-METHODOLOGY-DRC-RPX" Name="top_design_methodology_drc_routed.rpx"/>
  <File Type="ROUTE-METHODOLOGY-DRC-PB" Name="top_design_methodology_drc_routed.pb"/>
  <File Type="BITSTR-SYSDEF" Name="top_design.sysdef"/>
  <File Type="ROUTE-PWR-RPX" Name="top_design_power_routed.rpx"/>
  <File Type="ROUTE-STATUS" Name="top_design_route_status.rpt"/>
  <File Type="ROUTE-STATUS-PB" Name="top_design_route_status.pb"/>
  <File Type="ROUTE-TIMINGSUMMARY" Name="top_design_timing_summary_routed.rpt"/>
  <File Type="ROUTE-TIMING-PB" Name="top_design_timing_summary_routed.pb"/>
  <File Type="ROUTE-TIMING-RPX" Name="top_design_timing_summary_routed.rpx"/>
  <File Type="ROUTE-CLK" Name="top_design_clock_utilization_routed.rpt"/>
  <File Type="ROUTE-BUS-SKEW" Name="top_design_bus_skew_routed.rpt"/>
  <File Type="ROUTE-BUS-SKEW-PB" Name="top_design_bus_skew_routed.pb"/>
  <File Type="ROUTE-BUS-SKEW-RPX" Name="top_design_bus_skew_routed.rpx"/>
  <File Type="POSTROUTE-PHYSOPT-DCP" Name="top_design_postroute_physopt.dcp"/>
  <File Type="POSTROUTE-PHYSOPT-BLACKBOX-DCP" Name="top_design_postroute_physopt_bb.dcp"/>
  <File Type="BG-BIT" Name="top_design.bit"/>
  <File Type="BITSTR-RBT" Name="top_design.rbt"/>
  <File Type="BITSTR-NKY" Name="top_design.nky"/>
  <File Type="BG-DRC" Name="top_design.drc"/>
  <File Type="RDI-RDI" Name="top_design.vdi"/>
  <File Type="WBT-USG" Name="usage_statistics_webtalk.html"/>
  <FileSet Name="sources" Type="DesignSrcs" RelSrcDir="$PSRCDIR/sources_1">
    <Filter Type="Srcs"/>
    <File Path="$PSRCDIR/sources_1/new/clock_divider.vhd">
      <FileInfo>
        <Attr Name="UsedIn" Val="synthesis"/>
        <Attr Name="UsedIn" Val="simulation"/>
      </FileInfo>
    </File>
    <File Path="$PSRCDIR/sources_1/new/decoder.vhd">
      <FileInfo>
        <Attr Name="UsedIn" Val="synthesis"/>
        <Attr Name="UsedIn" Val="simulation"/>
      </FileInfo>
    </File>
    <File Path="$PSRCDIR/sources_1/new/half_Adder.vhd">
      <FileInfo>
        <Attr Name="UsedIn" Val="synthesis"/>
        <Attr Name="UsedIn" Val="simulation"/>
      </FileInfo>
    </File>
    <File Path="$PSRCDIR/sources_1/new/segment_driver.vhd">
      <FileInfo>
        <Attr Name="UsedIn" Val="synthesis"/>
        <Attr Name="UsedIn" Val="simulation"/>
      </FileInfo>
    </File>
    <File Path="$PSRCDIR/sources_1/new/top_design.vhd">
      <FileInfo>
        <Attr Name="UsedIn" Val="synthesis"/>
        <Attr Name="UsedIn" Val="simulation"/>
      </FileInfo>
    </File>
    <Config>
      <Option Name="DesignMode" Val="RTL"/>
      <Option Name="TopModule" Val="top_design"/>
      <Option Name="TopAutoSet" Val="TRUE"/>
    </Config>
  </FileSet>
  <FileSet Name="constrs_in" Type="Constrs" RelSrcDir="$PSRCDIR/constrs_1">
    <Filter Type="Constrs"/>
    <File Path="$PSRCDIR/constrs_1/new/constraints.xdc">
      <FileInfo>
        <Attr Name="UsedIn" Val="synthesis"/>
        <Attr Name="UsedIn" Val="implementation"/>
      </FileInfo>
    </File>
    <Config>
      <Option Name="ConstrsType" Val="XDC"/>
    </Config>
  </FileSet>
  <Strategy Version="1" Minor="2">
    <StratHandle Name="Vivado Implementation Defaults" Flow="Vivado Implementation 2018"/>
    <Step Id="init_design"/>
    <Step Id="opt_design"/>
    <Step Id="power_opt_design"/>
    <Step Id="place_design"/>
    <Step Id="post_place_power_opt_design"/>
    <Step Id="phys_opt_design"/>
    <Step Id="route_design"/>
    <Step Id="post_route_phys_opt_design"/>
    <Step Id="write_bitstream"/>
  </Strategy>
</GenRun>
