<?xml version="1.0" encoding="UTF-8"?>
<GenRun Id="synth_1" LaunchPart="xc7a35tcpg236-1" LaunchTime="1540916119">
  <File Type="PA-TCL" Name="top_design.tcl"/>
  <File Type="RDS-PROPCONSTRS" Name="top_design_drc_synth.rpt"/>
  <File Type="REPORTS-TCL" Name="top_design_reports.tcl"/>
  <File Type="RDS-RDS" Name="top_design.vds"/>
  <File Type="RDS-UTIL" Name="top_design_utilization_synth.rpt"/>
  <File Type="RDS-UTIL-PB" Name="top_design_utilization_synth.pb"/>
  <File Type="RDS-DCP" Name="top_design.dcp"/>
  <File Type="VDS-TIMINGSUMMARY" Name="top_design_timing_summary_synth.rpt"/>
  <File Type="VDS-TIMING-PB" Name="top_design_timing_summary_synth.pb"/>
  <FileSet Name="sources" Type="DesignSrcs" RelSrcDir="$PSRCDIR/sources_1">
    <Filter Type="Srcs"/>
    <File Path="$PSRCDIR/sources_1/new/top_design.vhd">
      <FileInfo>
        <Attr Name="ImportPath" Val="C:/Users/Sufyan Vohra/Seven_Segment_Display/Seven_Segment_Display.srcs/sources_1/new/top_design.vhd"/>
        <Attr Name="ImportTime" Val="1540859416"/>
        <Attr Name="UsedIn" Val="synthesis"/>
        <Attr Name="UsedIn" Val="simulation"/>
      </FileInfo>
    </File>
    <File Path="$PSRCDIR/sources_1/new/Top_module.vhd">
      <FileInfo>
        <Attr Name="ImportPath" Val="C:/Users/Sufyan Vohra/Seven_Segment_Display/Seven_Segment_Display.srcs/sources_1/new/Top_module.vhd"/>
        <Attr Name="ImportTime" Val="1540861302"/>
        <Attr Name="UsedIn" Val="synthesis"/>
        <Attr Name="UsedIn" Val="simulation"/>
      </FileInfo>
    </File>
    <File Path="$PSRCDIR/sources_1/new/segment_driver.vhd">
      <FileInfo>
        <Attr Name="ImportPath" Val="C:/Users/Sufyan Vohra/Seven_Segment_Display/Seven_Segment_Display.srcs/sources_1/new/segment_driver.vhd"/>
        <Attr Name="ImportTime" Val="1540860187"/>
        <Attr Name="UsedIn" Val="synthesis"/>
        <Attr Name="UsedIn" Val="simulation"/>
      </FileInfo>
    </File>
    <File Path="$PSRCDIR/sources_1/new/clock_divider.vhd">
      <FileInfo>
        <Attr Name="ImportPath" Val="C:/Users/Sufyan Vohra/Seven_Segment_Display/Seven_Segment_Display.srcs/sources_1/new/clock_divider.vhd"/>
        <Attr Name="ImportTime" Val="1540836213"/>
        <Attr Name="UsedIn" Val="synthesis"/>
        <Attr Name="UsedIn" Val="simulation"/>
      </FileInfo>
    </File>
    <Config>
      <Option Name="DesignMode" Val="RTL"/>
      <Option Name="TopModule" Val="top_design"/>
      <Option Name="TopAutoSet" Val="TRUE"/>
    </Config>
  </FileSet>
  <FileSet Name="constrs_in" Type="Constrs" RelSrcDir="$PSRCDIR/constrs_1">
    <Filter Type="Constrs"/>
    <File Path="$PSRCDIR/constrs_1/new/constraints.xdc">
      <FileInfo>
        <Attr Name="ImportPath" Val="C:/Users/Sufyan Vohra/Seven_Segment_Display/Seven_Segment_Display.srcs/constrs_1/new/constraints.xdc"/>
        <Attr Name="ImportTime" Val="1540857137"/>
        <Attr Name="UsedIn" Val="synthesis"/>
        <Attr Name="UsedIn" Val="implementation"/>
      </FileInfo>
    </File>
    <Config>
      <Option Name="ConstrsType" Val="XDC"/>
    </Config>
  </FileSet>
  <Strategy Version="1" Minor="2">
    <StratHandle Name="Vivado Synthesis Defaults" Flow="Vivado Synthesis 2018"/>
    <Step Id="synth_design"/>
  </Strategy>
</GenRun>
